holding_cost,order_fixed,stockout_penalty,learning_rate,n_steps,n_epochs,vf_coef,ent_coef,batch_size,rl_avg_profit,rl_avg_stockouts,rl_avg_inventory,train_time_s
0.5,5.0,10.0,3e-05,512,5,0.25,0.0,64,206.58369435202707,4394.717526529779,10.649498058322255,94.56860971450806
0.5,5.0,10.0,3e-05,512,5,0.25,0.01,64,282.7157589565203,0.0,67.18704401094618,86.1741373538971
0.5,5.0,10.0,3e-05,512,8,0.25,0.0,64,137.2167420183495,7291.30813967926,8.270214571188115,105.38155555725098
0.5,5.0,10.0,3e-05,512,8,0.25,0.01,64,269.23810218106627,1690.8851468904463,16.606335896825136,115.42919707298279
0.5,5.0,10.0,3e-05,2048,5,0.25,0.0,64,260.3639253709771,2316.660061784987,8.006297820341098,91.88848042488098
0.5,5.0,10.0,3e-05,2048,5,0.25,0.01,64,-28.102222658424086,14432.303679831466,0.9141178535506741,91.53255200386047
0.5,5.0,10.0,3e-05,2048,8,0.25,0.0,64,139.4182570824888,7339.514868713719,6.040926050419603,113.53772616386414
0.5,5.0,10.0,3e-05,2048,8,0.25,0.01,64,297.7722005495894,32.43193292951596,42.178870774360554,107.19510507583618
0.5,5.0,10.0,3e-05,1024,5,0.25,0.0,64,300.2670950035745,277.8542985629844,21.907640699621748,82.82391500473022
0.5,5.0,10.0,3e-05,1024,5,0.25,0.01,64,289.0155167901735,755.2092720333042,20.37079703030521,82.90001797676086
0.5,5.0,10.0,3e-05,1024,8,0.25,0.0,64,303.8264456437692,28.15314708838382,25.62797184957217,104.92952036857605
0.5,5.0,10.0,3e-05,1024,8,0.25,0.01,64,305.92201985315944,95.14652752333134,19.738785418027067,105.44201445579529
0.5,5.0,10.0,0.0001,512,5,0.25,0.0,64,299.63575707494317,466.9303758470207,18.007146214655002,83.58478474617004
0.5,5.0,10.0,0.0001,512,5,0.25,0.01,64,272.0441911389191,1660.041291399812,12.274258164318457,82.88988494873047
0.5,5.0,10.0,0.0001,512,8,0.25,0.0,64,169.48455560086842,5922.8508550720335,14.074059178636295,107.10719442367554
0.5,5.0,10.0,0.0001,512,8,0.25,0.01,64,293.48636598965805,181.1027144183649,36.59511588704096,105.79469680786133
0.5,5.0,10.0,0.0001,2048,5,0.25,0.0,64,257.3934886102844,2270.582011094816,11.118421713288312,84.61220002174377
0.5,5.0,10.0,0.0001,2048,5,0.25,0.01,64,246.95760447266306,2778.5880517854207,6.833639855364415,86.0621292591095
0.5,5.0,10.0,0.0001,2048,8,0.25,0.0,64,278.0440166394856,938.0363939408583,29.439499174405448,109.50503778457642
0.5,5.0,10.0,0.0001,2048,8,0.25,0.01,64,281.7798352927778,1251.79305444593,14.513850861018625,109.49071264266968
0.5,5.0,10.0,0.0001,1024,5,0.25,0.0,64,285.1131044003533,253.1479936708456,42.8758853217347,89.8519721031189
0.5,5.0,10.0,0.0001,1024,5,0.25,0.01,64,-100.08967732028268,17409.715343848664,1.0660310146583831,93.02020621299744
0.5,5.0,10.0,0.0001,1024,8,0.25,0.0,64,203.71310781772326,4687.030043797138,12.047454233975596,116.02150082588196
0.5,5.0,10.0,0.0001,1024,8,0.25,0.01,64,291.13177487242297,290.358734665544,36.57558340516809,109.42077398300171
0.5,5.0,50.0,3e-05,512,5,0.25,0.0,64,300.9804972845319,0.0,37.19212206749067,90.85586547851562
0.5,5.0,50.0,3e-05,512,5,0.25,0.01,64,267.52648746119587,0.0,93.1332626280066,93.11611604690552
0.5,5.0,50.0,3e-05,512,8,0.25,0.0,64,285.24080628087165,6.073442883418855,59.74686342422276,115.4390971660614
0.5,5.0,50.0,3e-05,512,8,0.25,0.01,64,240.6880765185728,0.0,143.18081937607022,112.89893937110901
0.5,5.0,50.0,3e-05,2048,5,0.25,0.0,64,292.414354951484,0.0,48.73385722121147,85.62633728981018
0.5,5.0,50.0,3e-05,2048,5,0.25,0.01,64,283.59008648319184,0.0,65.44316146223511,89.92653393745422
0.5,5.0,50.0,3e-05,2048,8,0.25,0.0,64,289.1693051267374,18.346777958020986,55.83172814565162,118.71743941307068
0.5,5.0,50.0,3e-05,2048,8,0.25,0.01,64,289.7367037936573,0.0,53.41847835279491,117.87436437606812
0.5,5.0,50.0,3e-05,1024,5,0.25,0.0,64,289.76284577410286,0.0,51.707074437598656,93.2919249534607
0.5,5.0,50.0,3e-05,1024,5,0.25,0.01,64,283.3750683195256,236.53351087165478,32.547191584861444,91.42606925964355
0.5,5.0,50.0,3e-05,1024,8,0.25,0.0,64,276.7800039760838,0.0,78.60019655619581,110.39131569862366
0.5,5.0,50.0,3e-05,1024,8,0.25,0.01,64,271.31601792572246,0.0,91.24203184571984,111.85033082962036
0.5,5.0,50.0,0.0001,512,5,0.25,0.0,64,280.7417057233919,192.97790989752812,45.497373985656324,88.43050861358643
0.5,5.0,50.0,0.0001,512,5,0.25,0.01,64,283.205959850763,66.58268662755525,54.13902019762013,87.3396463394165
0.5,5.0,50.0,0.0001,512,8,0.25,0.0,64,285.15772364164116,38.42896380396913,55.281829409664624,114.32005071640015
0.5,5.0,50.0,0.0001,512,8,0.25,0.01,64,282.83509164782055,347.3192031324893,27.37986471359044,109.98260045051575
0.5,5.0,50.0,0.0001,2048,5,0.25,0.0,64,287.7643614170988,19.354155631617893,53.13314121821155,85.44698405265808
0.5,5.0,50.0,0.0001,2048,5,0.25,0.01,64,289.87413647573453,91.96656795742756,35.91852708220482,85.87650156021118
0.5,5.0,50.0,0.0001,2048,8,0.25,0.0,64,285.6438193693781,17.20273723768791,54.2856663737885,106.29336452484131
0.5,5.0,50.0,0.0001,2048,8,0.25,0.01,64,281.1743049986381,0.0,62.765428058153965,106.10876178741455
0.5,5.0,50.0,0.0001,1024,5,0.25,0.0,64,293.78255033274235,65.72000860744927,35.13094352748296,83.23999404907227
0.5,5.0,50.0,0.0001,1024,5,0.25,0.01,64,297.2238409635999,63.33485283929408,34.939862745885975,91.02742123603821
0.5,5.0,50.0,0.0001,1024,8,0.25,0.0,64,276.16374108559955,198.39302614871366,49.70646005787262,103.51004028320312
0.5,5.0,50.0,0.0001,1024,8,0.25,0.01,64,284.9870818945054,1.139769140904616,60.79206535861916,110.18036246299744
0.5,5.0,100.0,3e-05,512,5,0.25,0.0,64,246.4249188830792,0.0,134.5829205196851,86.11289286613464
0.5,5.0,100.0,3e-05,512,5,0.25,0.01,64,267.26304574213225,0.0,95.2755828815617,86.61766910552979
0.5,5.0,100.0,3e-05,512,8,0.25,0.0,64,254.56890015132777,0.0,117.01746202860792,110.25338363647461
0.5,5.0,100.0,3e-05,512,8,0.25,0.01,64,259.7300450260061,0.0,105.20292184908097,109.81644749641418
0.5,5.0,100.0,3e-05,2048,5,0.25,0.0,64,267.3866977789794,0.0,95.47270082865676,84.99270129203796
0.5,5.0,100.0,3e-05,2048,5,0.25,0.01,64,272.46111890559735,0.0,85.35256236455213,82.62416791915894
0.5,5.0,100.0,3e-05,2048,8,0.25,0.0,64,278.93749360197705,0.0,73.2574624675594,106.01856684684753
0.5,5.0,100.0,3e-05,2048,8,0.25,0.01,64,275.7643149409622,0.0,79.09076766758749,112.39708852767944
0.5,5.0,100.0,3e-05,1024,5,0.25,0.0,64,247.3068345285018,0.0,129.66848706807176,84.94903063774109
0.5,5.0,100.0,3e-05,1024,5,0.25,0.01,64,271.75223482008886,0.0,86.89802295005485,81.19427132606506
0.5,5.0,100.0,3e-05,1024,8,0.25,0.0,64,280.50346692101806,0.0,70.95614838064533,103.47726130485535
0.5,5.0,100.0,3e-05,1024,8,0.25,0.01,64,271.73946251531345,0.0,87.03947999091999,103.5344307422638
0.5,5.0,100.0,0.0001,512,5,0.25,0.0,64,279.6338318625029,0.2045486341557158,69.38460501892925,81.60755968093872
0.5,5.0,100.0,0.0001,512,5,0.25,0.01,64,283.74166189425677,0.0,59.536430832327234,82.841064453125
0.5,5.0,100.0,0.0001,512,8,0.25,0.0,64,263.09006720891557,0.0,100.967555301614,106.55653285980225
0.5,5.0,100.0,0.0001,512,8,0.25,0.01,64,263.2335892429143,72.91999754003145,82.0924523591342,106.28747129440308
0.5,5.0,100.0,0.0001,2048,5,0.25,0.0,64,278.9357144145373,0.0,72.2562390094914,82.92697072029114
0.5,5.0,100.0,0.0001,2048,5,0.25,0.01,64,268.315658325238,0.0,84.00173323539839,82.76519560813904
0.5,5.0,100.0,0.0001,2048,8,0.25,0.0,64,276.7278066699205,0.0,79.08446047639192,104.6869330406189
0.5,5.0,100.0,0.0001,2048,8,0.25,0.01,64,280.589527704107,0.0,75.97076118364726,105.22944641113281
0.5,5.0,100.0,0.0001,1024,5,0.25,0.0,64,281.45861440074657,11.130349688943586,61.91570002568911,84.21557807922363
0.5,5.0,100.0,0.0001,1024,5,0.25,0.01,64,281.1141816262019,12.804779825977231,65.31302263965345,90.7471375465393
0.5,5.0,100.0,0.0001,1024,8,0.25,0.0,64,258.9879443348501,0.0,110.01644747799389,109.24657607078552
0.5,5.0,100.0,0.0001,1024,8,0.25,0.01,64,284.33805673881216,3.7260013479586496,62.285144655410555,108.8218309879303
0.5,5.0,200.0,3e-05,512,5,0.25,0.0,64,223.8839165020157,0.0,175.2691460930811,92.70113754272461
0.5,5.0,200.0,3e-05,512,5,0.25,0.01,64,233.2089948325914,0.0,151.32801721024185,89.52024817466736
0.5,5.0,200.0,3e-05,512,8,0.25,0.0,64,248.14769260322632,0.0,123.0275426744435,103.70174384117126
0.5,5.0,200.0,3e-05,512,8,0.25,0.01,64,246.11699484689774,0.0,135.69874391738682,103.60742521286011
0.5,5.0,200.0,3e-05,2048,5,0.25,0.0,64,257.9077762239708,0.0,112.6753919418544,82.78826713562012
0.5,5.0,200.0,3e-05,2048,5,0.25,0.01,64,257.69216174297196,0.0,108.92779803550407,82.61719632148743
0.5,5.0,200.0,3e-05,2048,8,0.25,0.0,64,266.5448069416698,0.0,94.643885021471,104.68269324302673
0.5,5.0,200.0,3e-05,2048,8,0.25,0.01,64,250.48434687013167,0.0,127.31651515176853,105.48249650001526
0.5,5.0,200.0,3e-05,1024,5,0.25,0.0,64,234.3039712753968,0.0,149.4465571447921,81.32225680351257
0.5,5.0,200.0,3e-05,1024,5,0.25,0.01,64,248.33359341744207,0.0,130.00590374254202,87.16411352157593
0.5,5.0,200.0,3e-05,1024,8,0.25,0.0,64,257.96656521167563,0.0,109.41516506665373,120.2042920589447
0.5,5.0,200.0,3e-05,1024,8,0.25,0.01,64,250.1655467042504,0.0,126.53973432567022,115.1469988822937
0.5,5.0,200.0,0.0001,512,5,0.25,0.0,64,242.77524124890934,0.0,130.92772335104746,94.71464514732361
0.5,5.0,200.0,0.0001,512,5,0.25,0.01,64,269.09964667445496,0.0,86.6573438712342,93.66486167907715
0.5,5.0,200.0,0.0001,512,8,0.25,0.0,64,227.60682486384948,0.0,166.06450388451142,109.50458097457886
0.5,5.0,200.0,0.0001,512,8,0.25,0.01,64,251.50287812790134,1.220539338887113,121.93050310108758,110.18228793144226
0.5,5.0,200.0,0.0001,2048,5,0.25,0.0,64,276.7542262951631,0.0,75.34044129045043,95.4534740447998
0.5,5.0,200.0,0.0001,2048,5,0.25,0.01,64,268.2381852241618,0.0,88.30641215076184,89.10601663589478
0.5,5.0,200.0,0.0001,2048,8,0.25,0.0,64,277.6888682249035,0.0,75.85922048908391,116.7911102771759
0.5,5.0,200.0,0.0001,2048,8,0.25,0.01,64,272.4172484760149,0.0,82.24769518081457,116.27909779548645
0.5,5.0,200.0,0.0001,1024,5,0.25,0.0,64,278.31308179234827,5.557176357919493,75.45255336761474,90.17340898513794
0.5,5.0,200.0,0.0001,1024,5,0.25,0.01,64,275.8775839665862,52.76639122027602,53.27590193813794,86.973641872406
0.5,5.0,200.0,0.0001,1024,8,0.25,0.0,64,274.6186465898957,1.7791177841263504,77.75149458480209,117.54707503318787
0.5,5.0,200.0,0.0001,1024,8,0.25,0.01,64,252.33017159536362,0.0,115.49719366204249,116.31130385398865
0.5,20.0,10.0,3e-05,512,5,0.25,0.0,64,265.6942502398481,1566.749152902595,20.664741024219826,88.35918521881104
0.5,20.0,10.0,3e-05,512,5,0.25,0.01,64,274.89060061435555,1373.8663244934228,8.714623645695616,89.81366324424744
0.5,20.0,10.0,3e-05,512,8,0.25,0.0,64,129.25461383351816,6945.186777231762,29.696849061103716,114.71357774734497
0.5,20.0,10.0,3e-05,512,8,0.25,0.01,64,135.64021921675027,7155.406182237236,8.302000781649799,116.25729417800903
0.5,20.0,10.0,3e-05,2048,5,0.25,0.0,64,295.32834320696907,251.3125194194913,19.929009950062998,90.5465292930603
0.5,20.0,10.0,3e-05,2048,5,0.25,0.01,64,145.63203752515554,6898.084372486255,4.993805830720556,89.05226588249207
0.5,20.0,10.0,3e-05,2048,8,0.25,0.0,64,-17.973726548190776,13885.450777611544,2.074604341760788,113.35194444656372
0.5,20.0,10.0,3e-05,2048,8,0.25,0.01,64,247.5646914978529,2302.2831884296206,14.78889306163262,112.22813439369202
0.5,20.0,10.0,3e-05,1024,5,0.25,0.0,64,283.4908208714613,571.785277318301,20.54354509614918,87.60381197929382
0.5,20.0,10.0,3e-05,1024,5,0.25,0.01,64,294.89797945773364,395.8730098150488,16.85707500027467,86.90105557441711
0.5,20.0,10.0,3e-05,1024,8,0.25,0.0,64,155.69670771301293,6211.2838888597835,19.29053648693921,109.71528124809265
0.5,20.0,10.0,3e-05,1024,8,0.25,0.01,64,274.9539144145472,0.0,67.34264293931935,110.55363440513611
0.5,20.0,10.0,0.0001,512,5,0.25,0.0,64,290.51148776240774,403.4849345823043,19.80117907475527,87.78625535964966
0.5,20.0,10.0,0.0001,512,5,0.25,0.01,64,274.85188206708233,1338.954300653329,14.024428929440067,81.34657263755798
0.5,20.0,10.0,0.0001,512,8,0.25,0.0,64,240.57711499449528,2442.248586288379,21.879657970158615,104.60371112823486
0.5,20.0,10.0,0.0001,512,8,0.25,0.01,64,126.70375735857468,7216.299905002957,25.264441987757813,103.31176400184631
0.5,20.0,10.0,0.0001,2048,5,0.25,0.0,64,289.656497851485,527.8916060811598,18.841795216096592,81.7091281414032
0.5,20.0,10.0,0.0001,2048,5,0.25,0.01,64,287.9487424730236,658.8410281157954,15.694841478785424,82.016934633255
0.5,20.0,10.0,0.0001,2048,8,0.25,0.0,64,289.8985672172349,351.1585393535087,29.90873219997099,103.95328664779663
0.5,20.0,10.0,0.0001,2048,8,0.25,0.01,64,271.91024968968657,1218.2357784132942,23.7326673156268,103.86380195617676
0.5,20.0,10.0,0.0001,1024,5,0.25,0.0,64,256.5386672915025,1945.5897230683654,17.695049810407504,80.3793363571167
0.5,20.0,10.0,0.0001,1024,5,0.25,0.01,64,210.94603985350787,3912.9739883593343,12.989924168064169,85.72213935852051
0.5,20.0,10.0,0.0001,1024,8,0.25,0.0,64,280.8629012365706,767.572660239273,26.416021131358736,115.02617764472961
0.5,20.0,10.0,0.0001,1024,8,0.25,0.01,64,63.951401130083184,10257.875294454323,3.927693633468286,116.09620690345764
0.5,20.0,50.0,3e-05,512,5,0.25,0.0,64,272.6955209480087,1.4133419547866382,71.67392528586193,92.98668146133423
0.5,20.0,50.0,3e-05,512,5,0.25,0.01,64,270.38577041039446,0.0,77.45720843798493,88.06432247161865
0.5,20.0,50.0,3e-05,512,8,0.25,0.0,64,278.76619275442073,98.32180911074781,54.17256555844659,112.59736943244934
0.5,20.0,50.0,3e-05,512,8,0.25,0.01,64,264.7875864299114,0.0,89.30467001509994,113.69508337974548
0.5,20.0,50.0,3e-05,2048,5,0.25,0.0,64,286.72592905763054,0.0,48.658404426052144,95.79096913337708
0.5,20.0,50.0,3e-05,2048,5,0.25,0.01,64,276.8324546995111,0.0,66.31418111722765,90.4032084941864
0.5,20.0,50.0,3e-05,2048,8,0.25,0.0,64,281.75346457736634,45.386220573238845,51.80932994267712,113.93425989151001
0.5,20.0,50.0,3e-05,2048,8,0.25,0.01,64,287.4180311559677,0.0,47.9003802751515,119.11630511283875
0.5,20.0,50.0,3e-05,1024,5,0.25,0.0,64,268.3313369406359,0.0,78.86806178471814,97.35109853744507
0.5,20.0,50.0,3e-05,1024,5,0.25,0.01,64,259.3128384230061,0.0,99.83877531704837,89.84274077415466
0.5,20.0,50.0,3e-05,1024,8,0.25,0.0,64,264.5590737771575,0.0,84.97037771773664,117.96176433563232
0.5,20.0,50.0,3e-05,1024,8,0.25,0.01,64,274.6082649007661,0.0,68.90002551980214,111.47524333000183
0.5,20.0,50.0,0.0001,512,5,0.25,0.0,64,277.16388361900636,271.8519166708479,34.04101964088335,88.66860508918762
0.5,20.0,50.0,0.0001,512,5,0.25,0.01,64,271.5348288597225,0.0,78.61850882334252,88.5536515712738
0.5,20.0,50.0,0.0001,512,8,0.25,0.0,64,265.2928650800844,141.51308551982984,70.99658417166094,116.02580833435059
0.5,20.0,50.0,0.0001,512,8,0.25,0.01,64,280.8877319032361,57.595514791218115,55.17268166424477,117.08821845054626
0.5,20.0,50.0,0.0001,2048,5,0.25,0.0,64,287.5516911810663,37.57824642052149,42.02787156444707,94.75962805747986
0.5,20.0,50.0,0.0001,2048,5,0.25,0.01,64,285.49703621912505,92.8621314645978,31.44174746591751,86.13346099853516
0.5,20.0,50.0,0.0001,2048,8,0.25,0.0,64,281.89418027410704,13.327940973440423,57.42724550325577,109.501460313797
0.5,20.0,50.0,0.0001,2048,8,0.25,0.01,64,276.5892243924276,94.54709014179691,53.197712577401774,111.7361810207367
0.5,20.0,50.0,0.0001,1024,5,0.25,0.0,64,275.61602575887395,0.9202919842632283,67.29755154753386,84.97413992881775
0.5,20.0,50.0,0.0001,1024,5,0.25,0.01,64,289.3306269369688,56.04426683002485,35.87735347199113,86.3858106136322
0.5,20.0,50.0,0.0001,1024,8,0.25,0.0,64,276.17305493714724,17.57940069914203,65.2406822350907,114.70244836807251
0.5,20.0,50.0,0.0001,1024,8,0.25,0.01,64,277.61364588315513,22.3596867418892,60.108930829191856,113.7881908416748
0.5,20.0,100.0,3e-05,512,5,0.25,0.0,64,264.41659320587735,0.0,88.96522242297866,86.39150667190552
0.5,20.0,100.0,3e-05,512,5,0.25,0.01,64,263.1344380926845,0.0,88.08186342840327,86.61548328399658
0.5,20.0,100.0,3e-05,512,8,0.25,0.0,64,267.9542405807299,0.0,80.73563093838627,104.50104713439941
0.5,20.0,100.0,3e-05,512,8,0.25,0.01,64,280.46887250791985,90.86258912957314,40.64977509119739,110.59453797340393
0.5,20.0,100.0,3e-05,2048,5,0.25,0.0,64,262.8491308652071,0.0,88.59999066287524,90.13837146759033
0.5,20.0,100.0,3e-05,2048,5,0.25,0.01,64,278.6700686440298,0.4330771909392254,58.91137950426912,92.65868401527405
0.5,20.0,100.0,3e-05,2048,8,0.25,0.0,64,268.69302779077253,0.0,85.95183348146205,116.43544006347656
0.5,20.0,100.0,3e-05,2048,8,0.25,0.01,64,260.6652081188721,0.0,93.49106311536816,116.43110394477844
0.5,20.0,100.0,3e-05,1024,5,0.25,0.0,64,273.2841868156969,0.0,71.6178737650832,87.6160192489624
0.5,20.0,100.0,3e-05,1024,5,0.25,0.01,64,261.56642216908574,0.0,93.05535457245291,92.19724416732788
0.5,20.0,100.0,3e-05,1024,8,0.25,0.0,64,244.21377960075318,0.0,124.51366112277933,115.64557576179504
0.5,20.0,100.0,3e-05,1024,8,0.25,0.01,64,265.82859200567026,0.0,83.2257963248475,119.01261901855469
0.5,20.0,100.0,0.0001,512,5,0.25,0.0,64,250.69087413886254,0.0,108.59452696081709,90.58585786819458
0.5,20.0,100.0,0.0001,512,5,0.25,0.01,64,272.6738933247364,0.0,71.02206300604834,89.26491451263428
0.5,20.0,100.0,0.0001,512,8,0.25,0.0,64,256.3615502801618,0.0,107.18933864227714,114.61681270599365
0.5,20.0,100.0,0.0001,512,8,0.25,0.01,64,258.74391507983694,0.0,99.7588371026026,117.07542014122009
0.5,20.0,100.0,0.0001,2048,5,0.25,0.0,64,278.92741537813646,0.0,57.9702586730539,95.57658576965332
0.5,20.0,100.0,0.0001,2048,5,0.25,0.01,64,269.865470642323,2.6483107905414984,77.12120010166952,92.02133107185364
0.5,20.0,100.0,0.0001,2048,8,0.25,0.0,64,272.5221399948108,0.0,66.5149178826319,117.80182313919067
0.5,20.0,100.0,0.0001,2048,8,0.25,0.01,64,269.4768165891705,3.9730992120376825,78.09124656781759,115.32302951812744
0.5,20.0,100.0,0.0001,1024,5,0.25,0.0,64,261.5920194460627,0.0,92.19085317324286,93.0590705871582
0.5,20.0,100.0,0.0001,1024,5,0.25,0.01,64,280.4742730829758,0.0,63.41463286935466,91.4825553894043
0.5,20.0,100.0,0.0001,1024,8,0.25,0.0,64,280.22194275785654,2.6851334245225162,60.051792017270444,119.71894407272339
0.5,20.0,100.0,0.0001,1024,8,0.25,0.01,64,266.9010406318421,0.0,80.04613477837549,117.66734504699707
0.5,20.0,200.0,3e-05,512,5,0.25,0.0,64,228.75052893718345,0.0,154.36323096706442,89.50456285476685
0.5,20.0,200.0,3e-05,512,5,0.25,0.01,64,256.5401537438028,0.0,101.40451922272982,87.52146100997925
0.5,20.0,200.0,3e-05,512,8,0.25,0.0,64,243.53897749578738,0.0,127.11095698526461,113.9577796459198
0.5,20.0,200.0,3e-05,512,8,0.25,0.01,64,256.6697780944561,0.0,102.00511916905234,125.69784641265869
0.5,20.0,200.0,3e-05,2048,5,0.25,0.0,64,248.0600559300273,0.0,116.42701208663314,90.75397992134094
0.5,20.0,200.0,3e-05,2048,5,0.25,0.01,64,252.98941688303157,0.0,105.47700460355574,91.71374249458313
0.5,20.0,200.0,3e-05,2048,8,0.25,0.0,64,274.723340183512,0.0,67.61787013955313,107.30454444885254
0.5,20.0,200.0,3e-05,2048,8,0.25,0.01,64,254.23245182108082,0.0,105.06665681185787,107.2580885887146
0.5,20.0,200.0,3e-05,1024,5,0.25,0.0,64,244.19336146233664,0.0,124.09465832017872,85.92965769767761
0.5,20.0,200.0,3e-05,1024,5,0.25,0.01,64,249.8401354391289,0.0,113.64618496829516,86.01670479774475
0.5,20.0,200.0,3e-05,1024,8,0.25,0.0,64,249.6287399656605,0.0,118.32320058744247,102.74605917930603
0.5,20.0,200.0,3e-05,1024,8,0.25,0.01,64,258.50824288571886,0.0,104.6361074620077,102.66797733306885
0.5,20.0,200.0,0.0001,512,5,0.25,0.0,64,269.4364929564395,0.0,79.762827050196,80.72361755371094
0.5,20.0,200.0,0.0001,512,5,0.25,0.01,64,256.7525682764725,0.0,104.03768441187192,87.87565231323242
0.5,20.0,200.0,0.0001,512,8,0.25,0.0,64,249.22162405478406,0.0,122.23657531320232,109.47852087020874
0.5,20.0,200.0,0.0001,512,8,0.25,0.01,64,268.5904795752563,4.320470343986202,82.44764566499893,109.15085554122925
0.5,20.0,200.0,0.0001,2048,5,0.25,0.0,64,272.86331344135306,2.006748080206357,75.0239568997736,86.86691498756409
0.5,20.0,200.0,0.0001,2048,5,0.25,0.01,64,270.8338411433766,0.0,82.46426129693855,86.11561846733093
0.5,20.0,200.0,0.0001,2048,8,0.25,0.0,64,276.2278652828986,0.0,69.15605346679686,108.75103282928467
0.5,20.0,200.0,0.0001,2048,8,0.25,0.01,64,263.48910760026985,0.0,88.60944722423815,109.66216135025024
0.5,20.0,200.0,0.0001,1024,5,0.25,0.0,64,266.8691500153526,0.0,86.27446097178002,89.67402291297913
0.5,20.0,200.0,0.0001,1024,5,0.25,0.01,64,266.27072887974947,0.0,87.03256892792167,86.90858697891235
0.5,20.0,200.0,0.0001,1024,8,0.25,0.0,64,246.26492643114585,0.0,116.57726005240661,102.94945812225342
0.5,20.0,200.0,0.0001,1024,8,0.25,0.01,64,278.0896076959522,0.0,67.86284748547698,111.26483988761902
0.5,30.0,10.0,3e-05,512,5,0.25,0.0,64,289.63720724285395,443.89167031140823,13.709684214918582,90.08597230911255
0.5,30.0,10.0,3e-05,512,5,0.25,0.01,64,256.57072857259675,1943.4719935241942,11.243718855661175,86.39050245285034
0.5,30.0,10.0,3e-05,512,8,0.25,0.0,64,201.09240413423467,4326.990459707667,9.759696834642593,105.79965281486511
0.5,30.0,10.0,3e-05,512,8,0.25,0.01,64,134.3061965773451,6608.964726385666,30.79866435743358,106.13667368888855
0.5,30.0,10.0,3e-05,2048,5,0.25,0.0,64,185.9732162571152,5033.017258011202,7.026141185971258,84.86796140670776
0.5,30.0,10.0,3e-05,2048,5,0.25,0.01,64,238.6039194518175,2630.6045887815408,13.441168473346593,84.7606213092804
0.5,30.0,10.0,3e-05,2048,8,0.25,0.0,64,287.1250494016755,673.434708917728,14.68182257394064,107.42068791389465
0.5,30.0,10.0,3e-05,2048,8,0.25,0.01,64,147.17848626940003,6653.95915699894,6.286905085668989,108.6407413482666
0.5,30.0,10.0,3e-05,1024,5,0.25,0.0,64,151.87553682551373,6530.951742721665,3.9307223121949457,87.55772638320923
0.5,30.0,10.0,3e-05,1024,5,0.25,0.01,64,61.08656615051633,10301.566477920504,2.322770235310931,86.7480525970459
0.5,30.0,10.0,3e-05,1024,8,0.25,0.0,64,255.2760982020738,2010.213472318074,9.028809891894255,109.87045574188232
0.5,30.0,10.0,3e-05,1024,8,0.25,0.01,64,94.48909766283889,8634.113654502793,18.701726764130267,109.60732793807983
0.5,30.0,10.0,0.0001,512,5,0.25,0.0,64,-220.29691498794222,22600.643575453796,0.3391402057956343,86.17325806617737
0.5,30.0,10.0,0.0001,512,5,0.25,0.01,64,100.88773218080335,8364.371423771536,14.363703213799491,85.65856885910034
0.5,30.0,10.0,0.0001,512,8,0.25,0.0,64,127.62566414388797,7312.824296002182,12.984927418738195,108.09785509109497
0.5,30.0,10.0,0.0001,512,8,0.25,0.01,64,285.6396914941767,249.08848445511575,29.35837006738741,105.75120234489441
0.5,30.0,10.0,0.0001,2048,5,0.25,0.0,64,284.89808523472095,479.74603684199866,27.946459247249447,88.740882396698
0.5,30.0,10.0,0.0001,2048,5,0.25,0.01,64,264.36573706418534,1465.1373778219258,15.02527566913056,88.51228284835815
0.5,30.0,10.0,0.0001,2048,8,0.25,0.0,64,283.1534420970332,560.8608848897035,20.050703225135802,107.31409072875977
0.5,30.0,10.0,0.0001,2048,8,0.25,0.01,64,279.98372403828137,809.5105697302547,20.66199825969461,107.50936985015869
0.5,30.0,10.0,0.0001,1024,5,0.25,0.0,64,287.5822777554428,377.77104177157196,21.709159743557237,83.42858624458313
0.5,30.0,10.0,0.0001,1024,5,0.25,0.01,64,-58.61195140667307,15448.03799033348,1.437025362815555,83.34449887275696
0.5,30.0,10.0,0.0001,1024,8,0.25,0.0,64,243.85618224133526,2381.439741892364,17.36402274353251,105.88856649398804
0.5,30.0,10.0,0.0001,1024,8,0.25,0.01,64,269.2067547045384,974.4375052157842,29.8982948519759,105.79369521141052
0.5,30.0,50.0,3e-05,512,5,0.25,0.0,64,274.8414714998519,4.623049939137748,62.74260132463011,81.40001106262207
0.5,30.0,50.0,3e-05,512,5,0.25,0.01,64,274.50814774382536,0.0,62.164950684847895,80.9311056137085
0.5,30.0,50.0,3e-05,512,8,0.25,0.0,64,270.44418286752176,0.0,67.9998729172798,104.36894965171814
0.5,30.0,50.0,3e-05,512,8,0.25,0.01,64,236.8380570815519,426.00003742573983,82.12009071872659,106.25152659416199
0.5,30.0,50.0,3e-05,2048,5,0.25,0.0,64,280.48015117707916,35.01587870209933,50.010760503272486,87.62220239639282
0.5,30.0,50.0,3e-05,2048,5,0.25,0.01,64,272.8574794021885,0.0,67.45353933674016,87.72485542297363
0.5,30.0,50.0,3e-05,2048,8,0.25,0.0,64,283.620635669707,81.82045715875987,34.75103186022746,111.38956260681152
0.5,30.0,50.0,3e-05,2048,8,0.25,0.01,64,271.73787711740414,0.0,66.82782771802928,111.8654716014862
0.5,30.0,50.0,3e-05,1024,5,0.25,0.0,64,263.58284688162354,0.0,85.19832407703139,86.8704125881195
0.5,30.0,50.0,3e-05,1024,5,0.25,0.01,64,278.3174943096636,0.0,54.23698204876625,87.31084728240967
0.5,30.0,50.0,3e-05,1024,8,0.25,0.0,64,287.5333611017227,6.757301067564972,40.24027609106612,109.89717650413513
0.5,30.0,50.0,3e-05,1024,8,0.25,0.01,64,216.64626665491852,1116.3592964642164,38.61186901183977,106.20251679420471
0.5,30.0,50.0,0.0001,512,5,0.25,0.0,64,265.1908605627177,171.04046988056865,61.4575972758254,83.49339580535889
0.5,30.0,50.0,0.0001,512,5,0.25,0.01,64,256.3462464090743,286.822841413329,62.1339994550731,83.32775139808655
0.5,30.0,50.0,0.0001,512,8,0.25,0.0,64,275.1641885383834,165.44452528631132,43.8198066627816,105.68968105316162
0.5,30.0,50.0,0.0001,512,8,0.25,0.01,64,254.96098459924087,15.778974969567273,96.85889207604814,106.23355627059937
0.5,30.0,50.0,0.0001,2048,5,0.25,0.0,64,280.6355364585626,0.0,54.91812295678544,84.97681307792664
0.5,30.0,50.0,0.0001,2048,5,0.25,0.01,64,287.3165281832745,25.289803679788484,38.52635474949667,86.33342170715332
0.5,30.0,50.0,0.0001,2048,8,0.25,0.0,64,282.4127087501152,13.781064220050832,47.13478313498301,114.35206532478333
0.5,30.0,50.0,0.0001,2048,8,0.25,0.01,64,278.79987695882306,66.36656234082537,49.54193506005692,109.40443682670593
0.5,30.0,50.0,0.0001,1024,5,0.25,0.0,64,281.51034014631324,116.61314337023062,42.19497355421929,81.05108952522278
0.5,30.0,50.0,0.0001,1024,5,0.25,0.01,64,273.1367941181108,60.585292610100076,56.912426660616106,81.27020406723022
0.5,30.0,50.0,0.0001,1024,8,0.25,0.0,64,280.9713417645823,0.0,49.39550577451105,105.40158271789551
0.5,30.0,50.0,0.0001,1024,8,0.25,0.01,64,279.2655430949007,79.41058206636566,46.268820484892956,109.16542768478394
0.5,30.0,100.0,3e-05,512,5,0.25,0.0,64,242.48019779641854,0.0,119.93417659393728,88.92739224433899
0.5,30.0,100.0,3e-05,512,5,0.25,0.01,64,253.69455713707544,0.0,101.31354456653332,86.47771883010864
0.5,30.0,100.0,3e-05,512,8,0.25,0.0,64,274.3318384980724,0.0,65.43885786814232,109.39540529251099
0.5,30.0,100.0,3e-05,512,8,0.25,0.01,64,246.45159887445197,0.0,115.84475892367428,111.20970392227173
0.5,30.0,100.0,3e-05,2048,5,0.25,0.0,64,273.3425784191244,0.21107095031487405,65.58229115316314,92.36317348480225
0.5,30.0,100.0,3e-05,2048,5,0.25,0.01,64,269.10458505762193,0.0,70.10718007753972,89.36420750617981
0.5,30.0,100.0,3e-05,2048,8,0.25,0.0,64,272.6831782067562,0.0,65.90192972679661,108.15137910842896
0.5,30.0,100.0,3e-05,2048,8,0.25,0.01,64,279.13187675694667,0.0,56.266761858169346,113.79805040359497
0.5,30.0,100.0,3e-05,1024,5,0.25,0.0,64,263.74727382653435,0.0,79.39994155674765,89.90262770652771
0.5,30.0,100.0,3e-05,1024,5,0.25,0.01,64,269.5678043727285,0.0,74.64268215022676,83.7240731716156
0.5,30.0,100.0,3e-05,1024,8,0.25,0.0,64,274.0551117778565,0.26321470786205053,66.99404048135835,105.31169891357422
0.5,30.0,100.0,3e-05,1024,8,0.25,0.01,64,256.8474650811515,0.0,96.64566886588318,108.08196425437927
0.5,30.0,100.0,0.0001,512,5,0.25,0.0,64,273.764335496498,11.01434071722537,69.62352727184557,89.30740141868591
0.5,30.0,100.0,0.0001,512,5,0.25,0.01,64,278.41590736616234,39.09306728783495,49.63310154745024,86.13171362876892
0.5,30.0,100.0,0.0001,512,8,0.25,0.0,64,259.24596924227745,2.008782735613944,91.47724667274788,110.40092849731445
0.5,30.0,100.0,0.0001,512,8,0.25,0.01,64,261.97790050746903,0.0,87.95554844059356,107.99655747413635
0.5,30.0,100.0,0.0001,2048,5,0.25,0.0,64,277.6964795619374,35.517178988859925,47.84923028763026,85.80950140953064
0.5,30.0,100.0,0.0001,2048,5,0.25,0.01,64,274.44665197762095,23.051377812150402,56.84136778583265,86.1130883693695
0.5,30.0,100.0,0.0001,2048,8,0.25,0.0,64,269.42842828195904,0.0,71.18660375934759,108.4005036354065
0.5,30.0,100.0,0.0001,2048,8,0.25,0.01,64,273.3717317511625,0.0,69.27733238533752,113.15523362159729
0.5,30.0,100.0,0.0001,1024,5,0.25,0.0,64,255.3581460666634,0.0,94.56042160661254,88.60297274589539
0.5,30.0,100.0,0.0001,1024,5,0.25,0.01,64,275.933374364862,1.3974636622884007,60.96910008887723,86.70224261283875
0.5,30.0,100.0,0.0001,1024,8,0.25,0.0,64,253.16132811181396,0.0,106.94809142439333,108.23021340370178
0.5,30.0,100.0,0.0001,1024,8,0.25,0.01,64,265.03478459126075,43.27356366613556,68.22195004502389,108.41547513008118
0.5,30.0,200.0,3e-05,512,5,0.25,0.0,64,236.73176354447241,0.0,129.58996119669038,86.906325340271
0.5,30.0,200.0,3e-05,512,5,0.25,0.01,64,258.3073288690637,0.0,94.17274604274802,85.15432548522949
0.5,30.0,200.0,3e-05,512,8,0.25,0.0,64,255.20610406958093,0.0,102.08256414544093,107.25754237174988
0.5,30.0,200.0,3e-05,512,8,0.25,0.01,64,248.7410138216775,0.0,107.59047115378185,107.40744042396545
0.5,30.0,200.0,3e-05,2048,5,0.25,0.0,64,254.74137199744513,0.0,95.69450992950021,88.70912051200867
0.5,30.0,200.0,3e-05,2048,5,0.25,0.01,64,257.5681456282822,0.0,96.38658881409529,89.35865187644958
0.5,30.0,200.0,3e-05,2048,8,0.25,0.0,64,264.96692331491306,0.0,82.81948092734976,111.00242400169373
0.5,30.0,200.0,3e-05,2048,8,0.25,0.01,64,260.7994668812414,0.0,93.97205495337917,106.81402277946472
0.5,30.0,200.0,3e-05,1024,5,0.25,0.0,64,253.70467280330467,0.0,101.93524021514473,85.12955689430237
0.5,30.0,200.0,3e-05,1024,5,0.25,0.01,64,248.82527596619903,0.0,110.65707927965138,87.04365134239197
0.5,30.0,200.0,3e-05,1024,8,0.25,0.0,64,261.93878682389914,0.0,89.95032504983143,109.82044315338135
0.5,30.0,200.0,3e-05,1024,8,0.25,0.01,64,222.23293365191822,0.0,163.34420446108464,104.52574157714844
0.5,30.0,200.0,0.0001,512,5,0.25,0.0,64,244.78126706007274,0.0,115.79190409830171,80.27738928794861
0.5,30.0,200.0,0.0001,512,5,0.25,0.01,64,257.75602365012963,0.0,93.1203730962048,80.25803232192993
0.5,30.0,200.0,0.0001,512,8,0.25,0.0,64,248.95115422901887,0.0,116.21828944794117,102.23515915870667
0.5,30.0,200.0,0.0001,512,8,0.25,0.01,64,240.96057117983983,0.0,121.8366491239365,102.82308983802795
0.5,30.0,200.0,0.0001,2048,5,0.25,0.0,64,269.9561154743511,0.0,75.38831197346727,89.16538500785828
0.5,30.0,200.0,0.0001,2048,5,0.25,0.01,64,267.5491282891656,0.0,74.16685390054363,87.27587604522705
0.5,30.0,200.0,0.0001,2048,8,0.25,0.0,64,268.44250462922463,0.0,76.06394030531791,110.93068504333496
0.5,30.0,200.0,0.0001,2048,8,0.25,0.01,64,250.2488985748254,0.0,103.39071011896003,115.45325660705566
0.5,30.0,200.0,0.0001,1024,5,0.25,0.0,64,264.0733274212818,0.0,78.33455465133878,84.4913923740387
0.5,30.0,200.0,0.0001,1024,5,0.25,0.01,64,254.2143550142377,0.0,98.94423103018983,84.79183435440063
0.5,30.0,200.0,0.0001,1024,8,0.25,0.0,64,247.98636960375683,0.0,110.81334040811616,106.91870021820068
0.5,30.0,200.0,0.0001,1024,8,0.25,0.01,64,264.32504194310087,0.0,80.52740082936744,106.27849102020264
0.5,50.0,10.0,3e-05,512,5,0.25,0.0,64,110.05629732377047,7868.269149960586,8.093631838527443,86.17306709289551
0.5,50.0,10.0,3e-05,512,5,0.25,0.01,64,239.23869528130294,2208.3882092869926,16.545131485826552,86.63834595680237
0.5,50.0,10.0,3e-05,512,8,0.25,0.0,64,253.83430317683278,1609.1266419328024,23.085346728906238,109.40828967094421
0.5,50.0,10.0,3e-05,512,8,0.25,0.01,64,230.88731200711578,2702.6523287862824,13.038490808500004,106.42027926445007
0.5,50.0,10.0,3e-05,2048,5,0.25,0.0,64,8.684264539114661,12127.260166217926,1.5625007468000156,87.79531788825989
0.5,50.0,10.0,3e-05,2048,5,0.25,0.01,64,114.26917258724086,7590.182713210566,8.160568288941294,87.5979437828064
0.5,50.0,10.0,3e-05,2048,8,0.25,0.0,64,232.65574791224304,2705.0630405135353,13.140303115244597,111.29806447029114
0.5,50.0,10.0,3e-05,2048,8,0.25,0.01,64,283.23013524836216,15.421006779010366,37.66026339491753,111.4171404838562
0.5,50.0,10.0,3e-05,1024,5,0.25,0.0,64,211.71307806472564,3689.076301991977,4.718424983253089,87.47740817070007
0.5,50.0,10.0,3e-05,1024,5,0.25,0.01,64,-8.08389397228338,12858.417197091254,0.8568111662015523,85.78677248954773
0.5,50.0,10.0,3e-05,1024,8,0.25,0.0,64,279.3505016508244,378.5544447770417,21.167477998917235,104.23021578788757
0.5,50.0,10.0,3e-05,1024,8,0.25,0.01,64,150.84819563477248,6110.724505567907,7.652783217363263,104.12893295288086
0.5,50.0,10.0,0.0001,512,5,0.25,0.0,64,166.26260405684596,5407.3232439674,13.067055530873674,82.28555679321289
0.5,50.0,10.0,0.0001,512,5,0.25,0.01,64,109.97130524465828,7679.601719210918,16.162245453106216,85.52296590805054
0.5,50.0,10.0,0.0001,512,8,0.25,0.0,64,272.66729142926704,614.8606488706672,24.206481691680544,104.6723518371582
0.5,50.0,10.0,0.0001,512,8,0.25,0.01,64,261.109282719368,1117.4557397280541,29.96030560117878,108.99206018447876
0.5,50.0,10.0,0.0001,2048,5,0.25,0.0,64,272.72399861856366,598.1382598944675,25.618854010790994,84.27921485900879
0.5,50.0,10.0,0.0001,2048,5,0.25,0.01,64,61.512733177679785,10067.85755606452,1.6890334893857442,85.09101104736328
0.5,50.0,10.0,0.0001,2048,8,0.25,0.0,64,280.95140312101796,259.0033012952098,34.70419294311576,111.70528721809387
0.5,50.0,10.0,0.0001,2048,8,0.25,0.01,64,259.1288595317247,1113.4070027723467,29.206825218102704,111.88363456726074
0.5,50.0,10.0,0.0001,1024,5,0.25,0.0,64,99.03251349150307,8321.266087803291,7.91747958710315,85.2757477760315
0.5,50.0,10.0,0.0001,1024,5,0.25,0.01,64,-202.67516710819717,20994.156925280135,0.2593568377206995,86.1598653793335
0.5,50.0,10.0,0.0001,1024,8,0.25,0.0,64,154.78392574931664,5704.111685812923,20.80576532932177,112.0562858581543
0.5,50.0,10.0,0.0001,1024,8,0.25,0.01,64,260.26689001463683,1388.8282115087695,19.083185447478947,104.93280863761902
0.5,50.0,50.0,3e-05,512,5,0.25,0.0,64,254.43584148173096,0.0,79.49693610831483,83.35093712806702
0.5,50.0,50.0,3e-05,512,5,0.25,0.01,64,251.0181588323541,0.0,92.24633687894638,83.08626294136047
0.5,50.0,50.0,3e-05,512,8,0.25,0.0,64,270.8181798722385,1.5672315808315815,58.191894924738634,106.28786754608154
0.5,50.0,50.0,3e-05,512,8,0.25,0.01,64,270.19286514205686,2.7649023203166267,53.786685369569966,107.69649171829224
0.5,50.0,50.0,3e-05,2048,5,0.25,0.0,64,272.16441368513995,0.0,54.802811061911385,84.2031741142273
0.5,50.0,50.0,3e-05,2048,5,0.25,0.01,64,264.48911677707395,0.0,67.92767350497311,82.43504762649536
0.5,50.0,50.0,3e-05,2048,8,0.25,0.0,64,277.6883389095311,0.07477799995051555,44.616510659831846,105.25712394714355
0.5,50.0,50.0,3e-05,2048,8,0.25,0.01,64,272.5029715042636,3.756111014967204,59.77338672376659,105.67851877212524
0.5,50.0,50.0,3e-05,1024,5,0.25,0.0,64,281.16574318020366,10.626642668983965,39.588462441326826,81.73604702949524
0.5,50.0,50.0,3e-05,1024,5,0.25,0.01,64,255.7537979080169,0.0,83.70239830330625,81.93515491485596
0.5,50.0,50.0,3e-05,1024,8,0.25,0.0,64,277.55622908136104,0.5221413468415804,43.19791806991786,107.87260818481445
0.5,50.0,50.0,3e-05,1024,8,0.25,0.01,64,260.06345969607656,0.0,72.908271902424,110.93565535545349
0.5,50.0,50.0,0.0001,512,5,0.25,0.0,64,275.67600259741675,129.09365101866047,32.60157234714456,83.0875256061554
0.5,50.0,50.0,0.0001,512,5,0.25,0.01,64,272.55111355358525,11.753775797832242,51.391313690812616,83.61138725280762
0.5,50.0,50.0,0.0001,512,8,0.25,0.0,64,250.91742694161536,356.4555111328615,45.664178868123926,106.68861150741577
0.5,50.0,50.0,0.0001,512,8,0.25,0.01,64,180.8234922245089,1613.4265908397742,31.634915310324054,110.29466366767883
0.5,50.0,50.0,0.0001,2048,5,0.25,0.0,64,274.503160130779,62.88589052125219,44.84261466770956,85.88757538795471
0.5,50.0,50.0,0.0001,2048,5,0.25,0.01,64,272.52083162691144,28.981043850493574,52.56795736548018,82.67940855026245
0.5,50.0,50.0,0.0001,2048,8,0.25,0.0,64,269.0425555549533,7.063032070714996,58.27581468033465,111.70863842964172
0.5,50.0,50.0,0.0001,2048,8,0.25,0.01,64,271.9994942821372,104.06940439900067,47.86845822948298,109.54490399360657
0.5,50.0,50.0,0.0001,1024,5,0.25,0.0,64,272.92100337091006,25.841232403503575,54.13539197895625,88.05555582046509
0.5,50.0,50.0,0.0001,1024,5,0.25,0.01,64,268.1685252884568,121.67724023974422,51.5740504664591,89.05034375190735
0.5,50.0,50.0,0.0001,1024,8,0.25,0.0,64,274.1215787654521,59.44685118068005,47.5900411929823,103.16455698013306
0.5,50.0,50.0,0.0001,1024,8,0.25,0.01,64,265.7213767392468,20.246347520406083,66.03391986846924,103.81376528739929
0.5,50.0,100.0,3e-05,512,5,0.25,0.0,64,249.5661081466455,0.0,99.29637663540775,81.54155826568604
0.5,50.0,100.0,3e-05,512,5,0.25,0.01,64,250.49787904617293,0.0,94.72773497281011,81.4994740486145
0.5,50.0,100.0,3e-05,512,8,0.25,0.0,64,237.00869457886984,0.0,113.20317702619998,109.29046726226807
0.5,50.0,100.0,3e-05,512,8,0.25,0.01,64,231.47728426676585,0.0,125.81277068255697,109.41871953010559
0.5,50.0,100.0,3e-05,2048,5,0.25,0.0,64,265.16942091439194,0.0,67.58736632882733,88.43961358070374
0.5,50.0,100.0,3e-05,2048,5,0.25,0.01,64,261.88302952959214,0.0,76.16568723704717,88.26612830162048
0.5,50.0,100.0,3e-05,2048,8,0.25,0.0,64,263.66999208262865,0.0,70.04330121393073,114.89064335823059
0.5,50.0,100.0,3e-05,2048,8,0.25,0.01,64,253.31781693364374,0.0,89.86637022671634,116.23194169998169
0.5,50.0,100.0,3e-05,1024,5,0.25,0.0,64,259.54759711175495,0.0,80.97979134964615,87.82150340080261
0.5,50.0,100.0,3e-05,1024,5,0.25,0.01,64,249.2741540981387,0.0,97.33200728743043,87.23899388313293
0.5,50.0,100.0,3e-05,1024,8,0.25,0.0,64,271.6036956730234,5.641182871498826,57.865609881257356,103.88936614990234
0.5,50.0,100.0,3e-05,1024,8,0.25,0.01,64,250.6061396053632,0.0,96.62686498772608,109.82457399368286
0.5,50.0,100.0,0.0001,512,5,0.25,0.0,64,266.5824956762676,0.0,57.833407033632874,89.15041327476501
0.5,50.0,100.0,0.0001,512,5,0.25,0.01,64,243.916109328118,32.082110106389884,98.29125337783603,88.31795144081116
0.5,50.0,100.0,0.0001,512,8,0.25,0.0,64,237.7795228033733,0.0,118.00764921841558,109.10708618164062
0.5,50.0,100.0,0.0001,512,8,0.25,0.01,64,258.8632031587018,9.005378893801035,75.31158818075103,106.77473711967468
0.5,50.0,100.0,0.0001,2048,5,0.25,0.0,64,262.0060572278789,0.0,71.25333000914692,87.91994714736938
0.5,50.0,100.0,0.0001,2048,5,0.25,0.01,64,264.4691015144332,0.0,69.25111041761424,87.32479500770569
0.5,50.0,100.0,0.0001,2048,8,0.25,0.0,64,266.61178919721516,0.2249548356776046,62.43555308825349,110.3851797580719
0.5,50.0,100.0,0.0001,2048,8,0.25,0.01,64,265.05596680605805,0.0,72.02483225678743,108.18284678459167
0.5,50.0,100.0,0.0001,1024,5,0.25,0.0,64,269.5229214836942,0.0,62.33098112759525,89.61966466903687
0.5,50.0,100.0,0.0001,1024,5,0.25,0.01,64,255.07102758067649,0.0,88.37501660072641,82.077139377594
0.5,50.0,100.0,0.0001,1024,8,0.25,0.0,64,258.29093696232695,0.0,81.88833554411588,110.99548292160034
0.5,50.0,100.0,0.0001,1024,8,0.25,0.01,64,261.9087447009109,8.477440326257941,66.66634463480074,110.229177236557
0.5,50.0,200.0,3e-05,512,5,0.25,0.0,64,228.8676953201481,0.0,131.50397268634953,85.53175258636475
0.5,50.0,200.0,3e-05,512,5,0.25,0.01,64,220.88495670227084,0.0,145.49642605298186,85.65718984603882
0.5,50.0,200.0,3e-05,512,8,0.25,0.0,64,229.7163311148642,0.0,134.3788725719713,108.58828401565552
0.5,50.0,200.0,3e-05,512,8,0.25,0.01,64,248.87717650711684,0.0,99.12575371729186,104.49439191818237
0.5,50.0,200.0,3e-05,2048,5,0.25,0.0,64,254.21920723791354,0.0,86.82420759018153,83.58840703964233
0.5,50.0,200.0,3e-05,2048,5,0.25,0.01,64,244.94255542252503,0.0,106.66571859281358,83.54278349876404
0.5,50.0,200.0,3e-05,2048,8,0.25,0.0,64,254.71654613949053,0.0,83.75952323600038,106.56549096107483
0.5,50.0,200.0,3e-05,2048,8,0.25,0.01,64,247.679479503373,0.0,99.42745035040869,109.8477714061737
0.5,50.0,200.0,3e-05,1024,5,0.25,0.0,64,242.9874945704524,0.0,104.60855120515171,82.81362533569336
0.5,50.0,200.0,3e-05,1024,5,0.25,0.01,64,244.0470214169847,0.0,107.88509394397474,85.99536085128784
0.5,50.0,200.0,3e-05,1024,8,0.25,0.0,64,244.96922981658093,0.0,105.57989664574193,107.50324654579163
0.5,50.0,200.0,3e-05,1024,8,0.25,0.01,64,247.34807220242618,0.0,100.07453552246093,107.00623393058777
0.5,50.0,200.0,0.0001,512,5,0.25,0.0,64,256.13789540416616,1.0410534535657106,86.0271427342663,83.6185073852539
0.5,50.0,200.0,0.0001,512,5,0.25,0.01,64,227.8936188694513,0.0,128.33577731615878,84.25847578048706
0.5,50.0,200.0,0.0001,512,8,0.25,0.0,64,234.79012775717538,0.0,126.27232939419682,111.67614150047302
0.5,50.0,200.0,0.0001,512,8,0.25,0.01,64,247.6710303937257,0.0,97.33453944167044,105.81432723999023
0.5,50.0,200.0,0.0001,2048,5,0.25,0.0,64,250.45727880021542,0.0,95.52298433486729,85.94077396392822
0.5,50.0,200.0,0.0001,2048,5,0.25,0.01,64,267.3662963886853,0.0,65.77877655447347,86.2503650188446
0.5,50.0,200.0,0.0001,2048,8,0.25,0.0,64,259.65867895604055,0.0,76.02448161295015,108.88394021987915
0.5,50.0,200.0,0.0001,2048,8,0.25,0.01,64,257.00253277834133,0.0,80.99635162562541,109.40078902244568
0.5,50.0,200.0,0.0001,1024,5,0.25,0.0,64,254.2740428648288,0.4938154073359854,84.95261547349904,83.97802066802979
0.5,50.0,200.0,0.0001,1024,5,0.25,0.01,64,241.4428254717775,0.0,107.17273977410302,83.84000897407532
0.5,50.0,200.0,0.0001,1024,8,0.25,0.0,64,252.40342293684884,0.0,90.50399825213705,106.44105005264282
0.5,50.0,200.0,0.0001,1024,8,0.25,0.01,64,242.2000220261215,0.0,112.90086541580827,106.50474858283997
1.5,5.0,10.0,3e-05,512,5,0.25,0.0,64,-123.79195586638134,18589.96145458569,0.5945457214494683,84.0307970046997
1.5,5.0,10.0,3e-05,512,5,0.25,0.01,64,-223.4411033920731,22645.01909360983,0.13060120314767915,87.55985283851624
1.5,5.0,10.0,3e-05,512,8,0.25,0.0,64,114.28218533397913,7866.261543511375,9.462827500113068,109.20095944404602
1.5,5.0,10.0,3e-05,512,8,0.25,0.01,64,-62.72387091001792,15865.329583220815,1.5694216288937486,106.16652369499207
1.5,5.0,10.0,3e-05,2048,5,0.25,0.0,64,-221.7359173982521,22533.099893354425,0.20049830240746064,86.01038408279419
1.5,5.0,10.0,3e-05,2048,5,0.25,0.01,64,-45.67133040121202,15146.460508333757,1.5361493530951136,85.78924083709717
1.5,5.0,10.0,3e-05,2048,8,0.25,0.0,64,-33.12227925312262,14444.773412948416,1.6450198140597503,106.47094297409058
1.5,5.0,10.0,3e-05,2048,8,0.25,0.01,64,66.9552998030438,10232.359500818122,4.928329132198266,111.69355177879333
1.5,5.0,10.0,3e-05,1024,5,0.25,0.0,64,-218.22773122282288,22354.813696492616,0.2667849333523071,83.99702501296997
1.5,5.0,10.0,3e-05,1024,5,0.25,0.01,64,-225.6601092316551,22793.310216521673,0.21345940302496086,83.42957019805908
1.5,5.0,10.0,3e-05,1024,8,0.25,0.0,64,-7.165846476998071,13421.964847964537,2.8932712791296207,108.63859438896179
1.5,5.0,10.0,3e-05,1024,8,0.25,0.01,64,-13.123008818445877,13648.141683243937,2.215509713588614,108.42905783653259
1.5,5.0,10.0,0.0001,512,5,0.25,0.0,64,239.75944964963088,1816.4374573227371,22.43439283695735,86.93914341926575
1.5,5.0,10.0,0.0001,512,5,0.25,0.01,64,192.71758170693872,4237.471332335341,15.115959672365236,81.73769807815552
1.5,5.0,10.0,0.0001,512,8,0.25,0.0,64,236.66800341967428,598.3408248244448,42.45547344736857,109.38614058494568
1.5,5.0,10.0,0.0001,512,8,0.25,0.01,64,216.02893140509013,1165.0006476076844,45.99223563971585,105.09361147880554
1.5,5.0,10.0,0.0001,2048,5,0.25,0.0,64,128.27292485179083,6882.642697600432,14.906083264088588,82.73548078536987
1.5,5.0,10.0,0.0001,2048,5,0.25,0.01,64,199.56120218831296,3361.3932408032733,23.383798825316745,82.80282330513
1.5,5.0,10.0,0.0001,2048,8,0.25,0.0,64,147.29834116304923,5503.989657949745,24.47573702836281,105.09043025970459
1.5,5.0,10.0,0.0001,2048,8,0.25,0.01,64,128.65429347411188,5979.606983800611,28.28121562288232,105.22663426399231
1.5,5.0,10.0,0.0001,1024,5,0.25,0.0,64,238.45170837722998,1398.2777315322267,29.086172143641402,80.76039338111877
1.5,5.0,10.0,0.0001,1024,5,0.25,0.01,64,174.996387336364,4259.6973435331965,24.691289491837153,81.05286407470703
1.5,5.0,10.0,0.0001,1024,8,0.25,0.0,64,238.586973221301,342.7891588145902,43.927686048297026,103.4079942703247
1.5,5.0,10.0,0.0001,1024,8,0.25,0.01,64,231.9769691367143,515.5320181166942,44.36790327235444,103.52099347114563
1.5,5.0,50.0,3e-05,512,5,0.25,0.0,64,215.23618535772752,1095.2455833949723,20.40370175114131,83.81358313560486
1.5,5.0,50.0,3e-05,512,5,0.25,0.01,64,-29.36290999461921,4997.1531110735705,16.189421013203283,82.6415433883667
1.5,5.0,50.0,3e-05,512,8,0.25,0.0,64,248.3969890523415,263.577533699334,31.786075891044042,103.7697868347168
1.5,5.0,50.0,3e-05,512,8,0.25,0.01,64,246.9178162625295,281.56682339312476,31.93835604442309,103.82541179656982
1.5,5.0,50.0,3e-05,2048,5,0.25,0.0,64,251.1185070118867,329.50091592977844,30.00241050128047,82.75579595565796
1.5,5.0,50.0,3e-05,2048,5,0.25,0.01,64,258.4470268281188,284.5056240165961,26.34513067609643,86.27537298202515
1.5,5.0,50.0,3e-05,2048,8,0.25,0.0,64,239.9660229519547,444.60444862498537,31.03233603472579,112.0603404045105
1.5,5.0,50.0,3e-05,2048,8,0.25,0.01,64,242.8128803927656,232.78470402175853,35.63478277340327,112.50874972343445
1.5,5.0,50.0,3e-05,1024,5,0.25,0.0,64,250.31326110280884,446.1229273767096,22.866940553728234,85.89706707000732
1.5,5.0,50.0,3e-05,1024,5,0.25,0.01,64,213.89634713613185,1096.3982600589736,21.25348926603233,83.60216975212097
1.5,5.0,50.0,3e-05,1024,8,0.25,0.0,64,250.05135433969036,248.56529994196325,32.18195405058665,106.24083924293518
1.5,5.0,50.0,3e-05,1024,8,0.25,0.01,64,246.99645581203904,250.89767803701056,33.98195062177639,105.4966652393341
1.5,5.0,50.0,0.0001,512,5,0.25,0.0,64,239.65958816701396,189.96180302748286,42.39345794462178,83.03541445732117
1.5,5.0,50.0,0.0001,512,5,0.25,0.01,64,234.3447113800399,258.05347838652847,42.91886724080125,83.73753261566162
1.5,5.0,50.0,0.0001,512,8,0.25,0.0,64,196.6122659759463,171.14647225984876,66.27275125294514,105.3833556175232
1.5,5.0,50.0,0.0001,512,8,0.25,0.01,64,192.93736355661738,226.83870552671397,68.78551018427495,106.17509579658508
1.5,5.0,50.0,0.0001,2048,5,0.25,0.0,64,216.2489079359904,239.4163798700775,52.55839055845182,85.52993583679199
1.5,5.0,50.0,0.0001,2048,5,0.25,0.01,64,216.16364122509395,241.28868291041454,53.026884721076655,83.7905170917511
1.5,5.0,50.0,0.0001,2048,8,0.25,0.0,64,218.97653750149794,105.94583536661052,56.6001241872082,114.34104442596436
1.5,5.0,50.0,0.0001,2048,8,0.25,0.01,64,215.6082366319353,107.92191665020391,58.76766516868382,112.86259508132935
1.5,5.0,50.0,0.0001,1024,5,0.25,0.0,64,225.50654656992202,154.22985726154386,50.466328614509266,86.54591298103333
1.5,5.0,50.0,0.0001,1024,5,0.25,0.01,64,227.4237686082537,234.08884372907522,46.50481208716353,87.0796229839325
1.5,5.0,50.0,0.0001,1024,8,0.25,0.0,64,229.4145060681563,172.76169231089165,50.17338140330902,111.09148406982422
1.5,5.0,50.0,0.0001,1024,8,0.25,0.01,64,219.55539514114395,204.69812155429773,51.78698411327518,109.47035360336304
1.5,5.0,100.0,3e-05,512,5,0.25,0.0,64,247.2530263542078,134.7720121246134,34.341748106381665,86.09620904922485
1.5,5.0,100.0,3e-05,512,5,0.25,0.01,64,247.36015448307904,87.27341360739632,37.407735724841075,86.96867609024048
1.5,5.0,100.0,3e-05,512,8,0.25,0.0,64,242.9662805805511,167.6328099335707,35.71881464241302,112.67886400222778
1.5,5.0,100.0,3e-05,512,8,0.25,0.01,64,243.15560865542247,94.96704675646522,39.01833287467694,111.9606602191925
1.5,5.0,100.0,3e-05,2048,5,0.25,0.0,64,255.86683710730367,120.89053845593227,30.127697587372506,90.6480758190155
1.5,5.0,100.0,3e-05,2048,5,0.25,0.01,64,245.2451620768251,70.92376867398738,40.46615291908996,88.89371967315674
1.5,5.0,100.0,3e-05,2048,8,0.25,0.0,64,242.7706722536645,154.55595859638964,36.44845835600814,112.10742449760437
1.5,5.0,100.0,3e-05,2048,8,0.25,0.01,64,243.073271959783,140.01374935756587,37.91503520681434,111.79740858078003
1.5,5.0,100.0,3e-05,1024,5,0.25,0.0,64,237.18292407610517,304.03284503368775,27.626922599877396,87.53082990646362
1.5,5.0,100.0,3e-05,1024,5,0.25,0.01,64,247.29253761087162,105.56841684229555,35.03687237092893,86.92509293556213
1.5,5.0,100.0,3e-05,1024,8,0.25,0.0,64,234.0426995302916,113.28274433221475,41.4352873495017,106.70702958106995
1.5,5.0,100.0,3e-05,1024,8,0.25,0.01,64,234.5283601804198,187.02797555948663,38.31019259687972,110.43996977806091
1.5,5.0,100.0,0.0001,512,5,0.25,0.0,64,221.28398160236557,58.6259557934247,56.28722661005308,86.87687969207764
1.5,5.0,100.0,0.0001,512,5,0.25,0.01,64,225.0445486440627,68.3735247515471,54.143295972641205,86.86166453361511
1.5,5.0,100.0,0.0001,512,8,0.25,0.0,64,211.10475564183335,88.62253588401549,58.13506039854599,110.57184624671936
1.5,5.0,100.0,0.0001,512,8,0.25,0.01,64,196.8391838642771,127.93780035177704,64.76222908647094,109.58153867721558
1.5,5.0,100.0,0.0001,2048,5,0.25,0.0,64,224.3566851226154,57.88105732209368,52.195371915738875,88.38922309875488
1.5,5.0,100.0,0.0001,2048,5,0.25,0.01,64,198.70569008069978,209.34762391120393,57.787621635280246,87.81899118423462
1.5,5.0,100.0,0.0001,2048,8,0.25,0.0,64,213.31715270117184,54.548433314471936,60.45981544246413,111.66772794723511
1.5,5.0,100.0,0.0001,2048,8,0.25,0.01,64,209.81465135716408,26.65949987277504,64.93713312802248,111.87286949157715
1.5,5.0,100.0,0.0001,1024,5,0.25,0.0,64,219.2650330399706,113.24320737879961,53.089244596925504,87.73085117340088
1.5,5.0,100.0,0.0001,1024,5,0.25,0.01,64,207.45982560971538,153.319520462848,55.5261114548657,88.81044626235962
1.5,5.0,100.0,0.0001,1024,8,0.25,0.0,64,203.19629498909785,125.12759058750878,61.17955364629014,111.49093437194824
1.5,5.0,100.0,0.0001,1024,8,0.25,0.01,64,193.80916807610436,16.699671219001115,73.65611101646945,106.96366763114929
1.5,5.0,200.0,3e-05,512,5,0.25,0.0,64,230.22425315411542,28.072136688339686,49.97704819267743,85.45012402534485
1.5,5.0,200.0,3e-05,512,5,0.25,0.01,64,203.3335258964657,285.09356004236133,32.65737874652833,80.71424603462219
1.5,5.0,200.0,3e-05,512,8,0.25,0.0,64,216.0517566761727,31.80163229020897,56.99120481151424,103.51907563209534
1.5,5.0,200.0,3e-05,512,8,0.25,0.01,64,231.18654671287786,23.067505218628526,50.22328139474946,103.61065983772278
1.5,5.0,200.0,3e-05,2048,5,0.25,0.0,64,236.26506940024393,23.13762727088281,47.35499107674376,83.06426692008972
1.5,5.0,200.0,3e-05,2048,5,0.25,0.01,64,226.6385865767025,33.774047239248226,51.429404749282426,92.5524652004242
1.5,5.0,200.0,3e-05,2048,8,0.25,0.0,64,225.5626950298948,45.10952256201777,51.25579217440462,108.16867470741272
1.5,5.0,200.0,3e-05,2048,8,0.25,0.01,64,208.38084698579314,31.12712984453487,62.792187045371705,110.89216876029968
1.5,5.0,200.0,3e-05,1024,5,0.25,0.0,64,225.83115918139524,11.01051616251593,56.400569520453885,85.67620325088501
1.5,5.0,200.0,3e-05,1024,5,0.25,0.01,64,227.3337780358882,1.2101877221994186,54.99643934694054,87.72914123535156
1.5,5.0,200.0,3e-05,1024,8,0.25,0.0,64,206.34785049306475,53.60014798281328,61.41335953007005,111.65585970878601
1.5,5.0,200.0,3e-05,1024,8,0.25,0.01,64,210.49325630078843,16.142127503350757,63.48825935990842,108.23003840446472
1.5,5.0,200.0,0.0001,512,5,0.25,0.0,64,204.1986501429079,33.41616773530539,66.48792668120502,87.28889632225037
1.5,5.0,200.0,0.0001,512,5,0.25,0.01,64,192.34329668720653,62.37444802363454,67.67014172122903,86.14112830162048
1.5,5.0,200.0,0.0001,512,8,0.25,0.0,64,185.29849482252828,16.57151457774912,78.52625771770738,110.77574586868286
1.5,5.0,200.0,0.0001,512,8,0.25,0.01,64,201.86848824743856,34.11997889279146,67.00773486490118,110.1303186416626
1.5,5.0,200.0,0.0001,2048,5,0.25,0.0,64,212.525933368413,38.0515729129453,59.870692891160104,89.51753330230713
1.5,5.0,200.0,0.0001,2048,5,0.25,0.01,64,209.3960378302129,1.697246221834451,68.37612474624424,87.20456767082214
1.5,5.0,200.0,0.0001,2048,8,0.25,0.0,64,211.22015900147477,12.523915374040921,63.41455013484172,110.68622064590454
1.5,5.0,200.0,0.0001,2048,8,0.25,0.01,64,195.22799679459018,9.18130126162946,73.8563426716687,110.72811698913574
1.5,5.0,200.0,0.0001,1024,5,0.25,0.0,64,212.68464794463813,73.89793131644666,54.57793320276966,85.70922327041626
1.5,5.0,200.0,0.0001,1024,5,0.25,0.01,64,195.18560431147804,8.47674915128663,72.78053919439445,85.71243023872375
1.5,5.0,200.0,0.0001,1024,8,0.25,0.0,64,198.2787595937475,22.62436163534118,70.70111266567282,108.42248392105103
1.5,5.0,200.0,0.0001,1024,8,0.25,0.01,64,189.89871315497467,18.122161486640042,75.573549698085,108.52421498298645
1.5,20.0,10.0,3e-05,512,5,0.25,0.0,64,-226.02323977899,22855.805272945647,0.21770901805733983,83.45934796333313
1.5,20.0,10.0,3e-05,512,5,0.25,0.01,64,-224.28661766141948,22671.253294781778,0.1336284498319234,83.36783289909363
1.5,20.0,10.0,3e-05,512,8,0.25,0.0,64,75.46551759825415,9611.014738338888,5.691650060307975,103.53915500640869
1.5,20.0,10.0,3e-05,512,8,0.25,0.01,64,131.02651395211194,6908.57184833821,10.279560954762136,103.85030198097229
1.5,20.0,10.0,3e-05,2048,5,0.25,0.0,64,-223.37507837355923,22666.76253053602,0.1999714044593785,82.45937395095825
1.5,20.0,10.0,3e-05,2048,5,0.25,0.01,64,-225.7887731352288,22791.298408546896,0.18994766261479626,83.01744723320007
1.5,20.0,10.0,3e-05,2048,8,0.25,0.0,64,103.13305546894193,8393.395334029276,5.835722868351445,105.87955856323242
1.5,20.0,10.0,3e-05,2048,8,0.25,0.01,64,13.65387380630872,12286.751137615891,3.3973908993816133,108.74547123908997
1.5,20.0,10.0,3e-05,1024,5,0.25,0.0,64,-220.87290989518687,22472.189693976496,0.16828794824087048,83.52872347831726
1.5,20.0,10.0,3e-05,1024,5,0.25,0.01,64,-219.57827319236435,22363.23961717131,0.24369986344281944,82.22786903381348
1.5,20.0,10.0,3e-05,1024,8,0.25,0.0,64,119.42258749651069,7443.444666049736,9.520081850208904,104.05243039131165
1.5,20.0,10.0,3e-05,1024,8,0.25,0.01,64,127.37502051149218,7024.323416709599,12.376353030531373,103.92290115356445
1.5,20.0,10.0,0.0001,512,5,0.25,0.0,64,177.35220032928268,4342.008771701245,20.526850382293738,81.6364734172821
1.5,20.0,10.0,0.0001,512,5,0.25,0.01,64,129.77507225676402,5758.740535908058,28.996677458396515,83.96056509017944
1.5,20.0,10.0,0.0001,512,8,0.25,0.0,64,225.600356330009,1475.2329153347064,32.66570853377042,107.75615310668945
1.5,20.0,10.0,0.0001,512,8,0.25,0.01,64,219.27445550882217,656.4832384880527,49.45278278674165,105.69375252723694
1.5,20.0,10.0,0.0001,2048,5,0.25,0.0,64,229.977626316432,1509.4372923203578,28.35854558612386,85.42801785469055
1.5,20.0,10.0,0.0001,2048,5,0.25,0.01,64,201.03953858453957,3050.0668199080733,23.09439694474923,87.25457549095154
1.5,20.0,10.0,0.0001,2048,8,0.25,0.0,64,224.01161056451605,1184.3522427854004,37.11927909131736,108.87214827537537
1.5,20.0,10.0,0.0001,2048,8,0.25,0.01,64,168.1195633003665,3924.448069718448,30.261650135843716,113.42155814170837
1.5,20.0,10.0,0.0001,1024,5,0.25,0.0,64,242.19462453662473,803.8044635262806,31.839800715397484,85.9316611289978
1.5,20.0,10.0,0.0001,1024,5,0.25,0.01,64,238.3056816305579,942.9200074606003,30.93298844846144,85.56521487236023
1.5,20.0,10.0,0.0001,1024,8,0.25,0.0,64,147.19664718641894,4885.651985526857,31.176195694822564,106.23820352554321
1.5,20.0,10.0,0.0001,1024,8,0.25,0.01,64,201.39591106537517,576.4514626438486,59.48904290418102,103.06360912322998
1.5,20.0,50.0,3e-05,512,5,0.25,0.0,64,247.50204594816296,308.43552082288005,27.805960813385166,80.94026637077332
1.5,20.0,50.0,3e-05,512,5,0.25,0.01,64,243.9298296234033,467.9765338533872,23.549913131704887,86.41139912605286
1.5,20.0,50.0,3e-05,512,8,0.25,0.0,64,239.78137423900057,186.05857301174981,37.80550471397295,107.85705089569092
1.5,20.0,50.0,3e-05,512,8,0.25,0.01,64,229.36088425021057,474.31513979119165,33.563501853322336,106.45396852493286
1.5,20.0,50.0,3e-05,2048,5,0.25,0.0,64,249.38973068775576,347.32768420139774,24.81291044367503,90.43240880966187
1.5,20.0,50.0,3e-05,2048,5,0.25,0.01,64,251.02547742888572,259.7030172732351,26.80069311201573,89.66586136817932
1.5,20.0,50.0,3e-05,2048,8,0.25,0.0,64,235.36048419576136,221.2487320945482,40.16973596494491,107.98527836799622
1.5,20.0,50.0,3e-05,2048,8,0.25,0.01,64,242.21428856607773,299.36507639356216,31.082095210470566,112.94000577926636
1.5,20.0,50.0,3e-05,1024,5,0.25,0.0,64,252.61612463203124,336.0082833320811,25.276385108634624,82.88082814216614
1.5,20.0,50.0,3e-05,1024,5,0.25,0.01,64,-38.1701943721906,5118.3018402011185,16.277444289273596,87.06654238700867
1.5,20.0,50.0,3e-05,1024,8,0.25,0.0,64,238.2466915328934,315.7706085500173,32.64303376900007,107.86685872077942
1.5,20.0,50.0,3e-05,1024,8,0.25,0.01,64,237.65959959829857,262.1482965500824,36.13112707549578,103.47611594200134
1.5,20.0,50.0,0.0001,512,5,0.25,0.0,64,217.9327520159211,217.12438371884468,50.13957333878295,86.45878982543945
1.5,20.0,50.0,0.0001,512,5,0.25,0.01,64,230.5855115428617,286.1504287460226,39.6232050169984,84.87779068946838
1.5,20.0,50.0,0.0001,512,8,0.25,0.0,64,204.12094388128133,98.40468191065249,63.874178311922776,111.19013595581055
1.5,20.0,50.0,0.0001,512,8,0.25,0.01,64,208.51385660716855,270.96334078139216,54.77314856568428,108.499591588974
1.5,20.0,50.0,0.0001,2048,5,0.25,0.0,64,227.92443296989637,184.79198856166485,45.954287825153294,83.82254528999329
1.5,20.0,50.0,0.0001,2048,5,0.25,0.01,64,227.2115714249822,199.77305748416657,45.61498413791395,85.78147506713867
1.5,20.0,50.0,0.0001,2048,8,0.25,0.0,64,215.7012355384789,135.69088436915945,52.361937860201486,107.4349114894867
1.5,20.0,50.0,0.0001,2048,8,0.25,0.01,64,220.49475049301032,111.33450257234207,53.34095515616953,108.93930697441101
1.5,20.0,50.0,0.0001,1024,5,0.25,0.0,64,218.13604204807712,291.42715740730586,48.6126075304371,88.38445711135864
1.5,20.0,50.0,0.0001,1024,5,0.25,0.01,64,213.6724699660152,408.44217946399056,45.367433175452774,85.43087935447693
1.5,20.0,50.0,0.0001,1024,8,0.25,0.0,64,180.97234053378043,300.5943382790352,68.22016301351051,107.41721200942993
1.5,20.0,50.0,0.0001,1024,8,0.25,0.01,64,203.2651638013504,184.71758002549777,59.889431365287464,104.56396126747131
1.5,20.0,100.0,3e-05,512,5,0.25,0.0,64,239.43178842809508,169.80067490279038,36.03617278838607,87.41337704658508
1.5,20.0,100.0,3e-05,512,5,0.25,0.01,64,238.73644125504256,144.95465997679116,34.35273491392601,86.7964973449707
1.5,20.0,100.0,3e-05,512,8,0.25,0.0,64,239.9911949124467,141.42942264383072,36.33939365238359,108.1924798488617
1.5,20.0,100.0,3e-05,512,8,0.25,0.01,64,233.43842628124284,91.32777431935479,42.53456092416424,110.85435390472412
1.5,20.0,100.0,3e-05,2048,5,0.25,0.0,64,240.87571746226848,147.03315726248007,32.887333185640095,85.69713640213013
1.5,20.0,100.0,3e-05,2048,5,0.25,0.01,64,235.7493352108222,92.48093233597154,39.04219231651662,88.08849883079529
1.5,20.0,100.0,3e-05,2048,8,0.25,0.0,64,227.4775398102657,153.56798358158434,41.64645920407282,113.72446846961975
1.5,20.0,100.0,3e-05,2048,8,0.25,0.01,64,230.88919673960112,111.48319723012955,42.517177396555475,110.3083164691925
1.5,20.0,100.0,3e-05,1024,5,0.25,0.0,64,244.00703402478058,59.48128304390324,38.65246096023141,85.11232590675354
1.5,20.0,100.0,3e-05,1024,5,0.25,0.01,64,240.73135979364096,235.3143385405994,26.828101454589465,82.9062991142273
1.5,20.0,100.0,3e-05,1024,8,0.25,0.0,64,218.5500136180156,252.5013236415109,38.72984325219507,107.98640584945679
1.5,20.0,100.0,3e-05,1024,8,0.25,0.01,64,233.856238360889,129.24570805665314,37.11704284439348,110.3907732963562
1.5,20.0,100.0,0.0001,512,5,0.25,0.0,64,204.47361208879948,72.63750707923673,59.91092680382402,88.72179675102234
1.5,20.0,100.0,0.0001,512,5,0.25,0.01,64,225.62628615713547,105.81930534344846,47.766118891108526,85.51831674575806
1.5,20.0,100.0,0.0001,512,8,0.25,0.0,64,194.05150759524992,112.82163742205236,65.72220138027244,109.23420286178589
1.5,20.0,100.0,0.0001,512,8,0.25,0.01,64,196.9092578120514,43.39060009405784,66.86088132570868,109.68796920776367
1.5,20.0,100.0,0.0001,2048,5,0.25,0.0,64,220.01624655514343,126.84567025308749,48.37956287540801,86.94522213935852
1.5,20.0,100.0,0.0001,2048,5,0.25,0.01,64,213.8164248177648,144.38781133896154,50.83325953571763,88.74385285377502
1.5,20.0,100.0,0.0001,2048,8,0.25,0.0,64,200.43605476587146,59.21508729258245,65.92970711851773,109.54476428031921
1.5,20.0,100.0,0.0001,2048,8,0.25,0.01,64,196.454225653048,99.14498323995589,64.7530520695203,113.79703307151794
1.5,20.0,100.0,0.0001,1024,5,0.25,0.0,64,215.73744355298655,116.21907472755088,52.644130780925494,84.14760088920593
1.5,20.0,100.0,0.0001,1024,5,0.25,0.01,64,202.10417136163073,140.73413408863533,57.31856232760704,84.218505859375
1.5,20.0,100.0,0.0001,1024,8,0.25,0.0,64,196.72560974203935,96.86448838254964,65.85440875262431,106.9146556854248
1.5,20.0,100.0,0.0001,1024,8,0.25,0.01,64,192.42280989408877,49.37504943007782,69.6395666681577,110.4915702342987
1.5,20.0,200.0,3e-05,512,5,0.25,0.0,64,210.9396989220751,107.0705033685847,47.43759321879034,88.37178754806519
1.5,20.0,200.0,3e-05,512,5,0.25,0.01,64,237.03817198287962,75.04612199076686,36.611204434686336,86.69406151771545
1.5,20.0,200.0,3e-05,512,8,0.25,0.0,64,225.4584370101417,69.28925168976409,45.10247506487859,109.96148943901062
1.5,20.0,200.0,3e-05,512,8,0.25,0.01,64,215.69730453191704,60.048457901287726,51.25487119217441,106.74181032180786
1.5,20.0,200.0,3e-05,2048,5,0.25,0.0,64,228.58977109275892,54.79664343161644,42.73525315552541,88.79045581817627
1.5,20.0,200.0,3e-05,2048,5,0.25,0.01,64,218.1528411968897,25.845655919925754,55.77144005579491,86.83785891532898
1.5,20.0,200.0,3e-05,2048,8,0.25,0.0,64,205.7970103343198,42.29556379691846,59.84502186422478,109.82178735733032
1.5,20.0,200.0,3e-05,2048,8,0.25,0.01,64,211.8415640943851,71.7566962333718,51.98566120147704,107.12663960456848
1.5,20.0,200.0,3e-05,1024,5,0.25,0.0,64,222.76501292338966,42.13489717226323,49.37756335611213,84.41081595420837
1.5,20.0,200.0,3e-05,1024,5,0.25,0.01,64,218.67893527709316,9.759390482522292,55.514646098385114,87.84401392936707
1.5,20.0,200.0,3e-05,1024,8,0.25,0.0,64,215.32231969589543,34.98838944543228,55.83081414895514,112.42016768455505
1.5,20.0,200.0,3e-05,1024,8,0.25,0.01,64,226.31858174204095,19.82725159626456,51.520523992303296,104.79353952407837
1.5,20.0,200.0,0.0001,512,5,0.25,0.0,64,206.72526472764002,23.296881929436523,63.463271575823214,89.8957130908966
1.5,20.0,200.0,0.0001,512,5,0.25,0.01,64,202.26200445078115,47.73360308035183,61.97401073720357,87.8046350479126
1.5,20.0,200.0,0.0001,512,8,0.25,0.0,64,204.39671309003174,0.31159361898918336,68.48248184935689,108.68886017799377
1.5,20.0,200.0,0.0001,512,8,0.25,0.01,64,186.9319170258565,45.14584283503623,72.05551429291293,112.28928899765015
1.5,20.0,200.0,0.0001,2048,5,0.25,0.0,64,216.43894918050393,30.481273403676198,56.64373882267573,89.86371612548828
1.5,20.0,200.0,0.0001,2048,5,0.25,0.01,64,211.734154792131,14.096049182396598,60.72679071557032,89.03326416015625
1.5,20.0,200.0,0.0001,2048,8,0.25,0.0,64,196.56832401737563,38.731370978457775,65.95204858832165,111.97122693061829
1.5,20.0,200.0,0.0001,2048,8,0.25,0.01,64,203.03116944580128,21.464851353431783,66.20274303357895,110.94876837730408
1.5,20.0,200.0,0.0001,1024,5,0.25,0.0,64,202.84889948013057,16.3858014522987,63.61438700506132,84.49832105636597
1.5,20.0,200.0,0.0001,1024,5,0.25,0.01,64,201.8350002218674,54.90943139071137,61.35362670032946,89.22603416442871
1.5,20.0,200.0,0.0001,1024,8,0.25,0.0,64,206.95198178025151,13.740792491555345,64.43640969877374,107.76394391059875
1.5,20.0,200.0,0.0001,1024,8,0.25,0.01,64,187.2518861084443,1.3241635581937872,78.71832846471709,111.30026650428772
1.5,30.0,10.0,3e-05,512,5,0.25,0.0,64,-76.76891424780929,16192.123141219188,0.8970976284950053,89.22773361206055
1.5,30.0,10.0,3e-05,512,5,0.25,0.01,64,-226.1913526857516,22870.267027197155,0.2239771098959936,84.64746165275574
1.5,30.0,10.0,3e-05,512,8,0.25,0.0,64,135.74501165283294,6654.761765488665,8.562064488631203,107.9687340259552
1.5,30.0,10.0,3e-05,512,8,0.25,0.01,64,39.09960816944489,11199.523968100604,2.87445750052288,106.85687232017517
1.5,30.0,10.0,3e-05,2048,5,0.25,0.0,64,-224.87085130922225,22729.476862462874,0.26038519506585106,86.93134069442749
1.5,30.0,10.0,3e-05,2048,5,0.25,0.01,64,-223.09856602241953,22548.41582851094,0.13930455121275495,85.40784239768982
1.5,30.0,10.0,3e-05,2048,8,0.25,0.0,64,-3.336754947905061,13052.229576955728,1.674345895142792,109.5649950504303
1.5,30.0,10.0,3e-05,2048,8,0.25,0.01,64,40.48086494829572,11294.347732314387,3.4217704009776297,109.79492568969727
1.5,30.0,10.0,3e-05,1024,5,0.25,0.0,64,-207.7329353750756,22013.93473029739,0.2854112932626923,85.27291440963745
1.5,30.0,10.0,3e-05,1024,5,0.25,0.01,64,-216.41636702669857,22291.274659864026,0.20092566061509798,89.29806065559387
1.5,30.0,10.0,3e-05,1024,8,0.25,0.0,64,136.8649930808345,6706.946020331588,9.987114293625808,107.50865125656128
1.5,30.0,10.0,3e-05,1024,8,0.25,0.01,64,101.98177066662109,8108.154673460468,9.089258525610635,106.2478494644165
1.5,30.0,10.0,0.0001,512,5,0.25,0.0,64,196.55711581896335,3618.1618963929695,16.967263769810536,88.34047174453735
1.5,30.0,10.0,0.0001,512,5,0.25,0.01,64,241.319546612691,874.1148015904431,29.813777233794816,84.08510184288025
1.5,30.0,10.0,0.0001,512,8,0.25,0.0,64,224.96779990989813,432.0428625337413,47.50026414381315,110.44615840911865
1.5,30.0,10.0,0.0001,512,8,0.25,0.01,64,145.56035298932943,4729.4546973480265,33.81767891864254,109.2564811706543
1.5,30.0,10.0,0.0001,2048,5,0.25,0.0,64,239.70304406675427,781.5045305280314,30.007351263906447,87.45575547218323
1.5,30.0,10.0,0.0001,2048,5,0.25,0.01,64,128.09466371462338,6552.9198873992145,16.166613283594177,86.95924305915833
